Date,Open,High,Low,Close,Volume
2022-12-22 00:00:00+05:30,361.0,363.3,328.3,331.2,8071985
2022-12-23 00:00:00+05:30,332.0,347.95,307.0,310.75,3349355
2022-12-26 00:00:00+05:30,314.95,344.9,305.35,333.95,1877752
2022-12-27 00:00:00+05:30,336.0,342.65,327.05,333.9,750175
2022-12-28 00:00:00+05:30,330.0,336.5,328.1,330.35,482005
2022-12-29 00:00:00+05:30,327.25,332.0,322.05,323.15,454189
2022-12-30 00:00:00+05:30,327.0,334.45,323.55,331.65,556587
2023-01-02 00:00:00+05:30,335.7,336.8,328.0,328.8,210331
2023-01-03 00:00:00+05:30,329.0,332.0,324.3,325.15,173290
2023-01-04 00:00:00+05:30,326.4,328.0,322.05,323.05,153944
2023-01-05 00:00:00+05:30,324.85,326.0,316.6,318.65,190479
2023-01-06 00:00:00+05:30,318.65,323.95,317.0,322.05,246791
2023-01-09 00:00:00+05:30,323.95,328.8,320.5,326.3,235361
2023-01-10 00:00:00+05:30,326.5,332.0,324.1,330.1,362755
2023-01-11 00:00:00+05:30,331.0,335.9,328.2,331.3,258605
2023-01-12 00:00:00+05:30,331.85,333.0,323.3,324.9,89635
2023-01-13 00:00:00+05:30,324.9,328.55,323.1,325.4,95235
2023-01-16 00:00:00+05:30,340.0,388.0,336.1,373.2,12024012
2023-01-17 00:00:00+05:30,380.05,394.0,372.35,379.4,8085176
2023-01-18 00:00:00+05:30,378.5,429.9,367.4,404.95,8343309
2023-01-19 00:00:00+05:30,407.4,429.0,407.0,420.4,7559249
2023-01-20 00:00:00+05:30,420.0,431.9,413.25,423.35,3458187
2023-01-23 00:00:00+05:30,424.0,432.4,411.0,426.25,1590153
2023-01-24 00:00:00+05:30,426.25,427.2,397.0,399.1,1056324
2023-01-25 00:00:00+05:30,399.85,400.75,382.0,394.15,843692
2023-01-27 00:00:00+05:30,394.15,401.5,372.0,379.15,881831
2023-01-30 00:00:00+05:30,379.1,389.8,370.0,377.8,343035
2023-01-31 00:00:00+05:30,382.95,385.05,373.5,378.15,226275
2023-02-01 00:00:00+05:30,382.0,383.85,360.15,363.8,432835
2023-02-02 00:00:00+05:30,362.1,375.0,356.1,358.65,314065
2023-02-03 00:00:00+05:30,362.1,369.4,351.2,364.1,319926
2023-02-06 00:00:00+05:30,365.0,373.0,357.0,366.9,289856
2023-02-07 00:00:00+05:30,368.0,374.25,357.0,359.1,316618
2023-02-08 00:00:00+05:30,359.0,382.5,356.2,377.65,948262
2023-02-09 00:00:00+05:30,379.85,406.5,377.0,398.2,1484851
2023-02-10 00:00:00+05:30,409.4,428.4,402.8,410.0,3469074
2023-02-13 00:00:00+05:30,412.95,412.95,382.65,388.0,765434
2023-02-14 00:00:00+05:30,388.0,398.95,382.35,385.5,562626
2023-02-15 00:00:00+05:30,381.5,397.45,381.5,394.9,593123
2023-02-16 00:00:00+05:30,396.15,402.7,385.0,389.15,382864
2023-02-17 00:00:00+05:30,388.0,394.2,383.0,386.5,247711
2023-02-20 00:00:00+05:30,385.05,392.0,382.0,383.85,251765
2023-02-21 00:00:00+05:30,385.0,387.45,367.0,369.25,327369
2023-02-22 00:00:00+05:30,368.9,372.95,352.05,354.8,509225
2023-02-23 00:00:00+05:30,355.0,363.2,354.8,359.3,313466
2023-02-24 00:00:00+05:30,360.0,365.05,352.0,353.5,222963
2023-02-27 00:00:00+05:30,353.5,354.65,340.5,343.2,260134
2023-02-28 00:00:00+05:30,344.0,354.25,343.5,351.5,289807
2023-03-01 00:00:00+05:30,350.0,361.25,349.2,356.35,189466
2023-03-02 00:00:00+05:30,356.4,357.9,352.2,353.5,112887
2023-03-03 00:00:00+05:30,354.05,363.2,354.8,361.2,187363
2023-03-06 00:00:00+05:30,363.5,379.8,363.0,366.8,498104
2023-03-08 00:00:00+05:30,362.95,365.0,358.0,361.05,217282
2023-03-09 00:00:00+05:30,360.0,368.0,356.5,358.7,207639
2023-03-10 00:00:00+05:30,355.5,359.8,345.0,353.7,266571
2023-03-13 00:00:00+05:30,349.0,352.0,343.1,344.9,225897
2023-03-14 00:00:00+05:30,346.6,350.0,341.2,344.4,139490
2023-03-15 00:00:00+05:30,350.0,351.95,341.5,344.05,98396
2023-03-16 00:00:00+05:30,344.0,344.05,334.0,340.65,154088
2023-03-17 00:00:00+05:30,344.0,352.85,343.0,349.85,253077
2023-03-20 00:00:00+05:30,353.95,357.0,326.35,330.35,986260
2023-03-21 00:00:00+05:30,332.0,343.7,328.2,339.6,448157
2023-03-22 00:00:00+05:30,350.0,371.15,348.35,354.1,3087196
2023-03-23 00:00:00+05:30,351.0,362.0,349.05,358.35,894994
2023-03-24 00:00:00+05:30,358.0,361.4,351.2,359.25,386483
2023-03-27 00:00:00+05:30,362.8,362.8,346.05,355.7,404486
2023-03-28 00:00:00+05:30,355.7,360.95,348.35,358.6,418467
2023-03-29 00:00:00+05:30,359.7,365.75,356.2,361.75,410546
2023-03-31 00:00:00+05:30,363.35,368.3,359.1,365.4,370510
2023-04-03 00:00:00+05:30,367.0,376.25,362.1,373.65,480989
2023-04-05 00:00:00+05:30,373.05,373.6,362.2,363.4,290664
2023-04-06 00:00:00+05:30,363.9,365.2,358.0,358.6,188308
2023-04-10 00:00:00+05:30,359.4,364.45,356.25,360.65,174656
2023-04-11 00:00:00+05:30,360.0,360.8,350.65,352.2,355814
2023-04-12 00:00:00+05:30,375.05,394.3,366.5,384.5,7546703
2023-04-13 00:00:00+05:30,384.6,396.75,372.85,389.75,2021878
2023-04-17 00:00:00+05:30,385.0,388.7,380.3,380.95,479570
2023-04-18 00:00:00+05:30,382.95,385.35,371.5,374.9,338819
2023-04-19 00:00:00+05:30,375.75,386.4,374.2,383.35,560211
2023-04-20 00:00:00+05:30,386.95,409.0,383.6,387.0,2567480
2023-04-21 00:00:00+05:30,389.7,393.8,377.0,382.35,527332
2023-04-24 00:00:00+05:30,382.9,386.9,376.45,381.0,372638
2023-04-25 00:00:00+05:30,381.15,389.9,376.1,378.7,440699
2023-04-26 00:00:00+05:30,378.8,385.7,376.5,384.0,330492
2023-04-27 00:00:00+05:30,385.0,387.75,378.85,379.75,246106
2023-04-28 00:00:00+05:30,380.95,386.5,380.95,384.95,304166
2023-05-02 00:00:00+05:30,388.95,404.95,386.5,388.6,927152
2023-05-03 00:00:00+05:30,391.9,406.0,390.55,399.45,1261582
2023-05-04 00:00:00+05:30,402.0,414.9,388.55,390.15,2401523
2023-05-05 00:00:00+05:30,393.5,413.7,391.25,393.3,1574072
2023-05-08 00:00:00+05:30,396.45,403.95,395.2,401.25,517728
2023-05-09 00:00:00+05:30,406.4,439.45,403.0,433.3,3991475
2023-05-10 00:00:00+05:30,436.9,438.95,420.75,430.5,1603455
2023-05-11 00:00:00+05:30,433.0,446.45,427.5,438.2,1693960
2023-05-12 00:00:00+05:30,438.2,449.0,433.0,442.25,1034082
2023-05-15 00:00:00+05:30,437.75,456.8,431.1,433.3,1408158
2023-05-16 00:00:00+05:30,433.9,444.0,425.0,428.2,860515
2023-05-17 00:00:00+05:30,427.7,432.95,421.6,426.35,430779
2023-05-18 00:00:00+05:30,428.5,433.95,411.25,416.25,467238
2023-05-19 00:00:00+05:30,413.05,424.2,410.3,412.2,587970
2023-05-22 00:00:00+05:30,413.8,417.15,407.8,409.0,581020
2023-05-23 00:00:00+05:30,410.4,413.4,403.95,408.4,349858
2023-05-24 00:00:00+05:30,406.5,412.45,395.1,397.3,597811
2023-05-25 00:00:00+05:30,397.3,410.25,397.25,407.55,472891
2023-05-26 00:00:00+05:30,408.4,411.85,403.45,408.6,314270
2023-05-29 00:00:00+05:30,410.0,410.55,402.05,403.8,239714
2023-05-30 00:00:00+05:30,405.0,421.05,402.15,418.9,794349
2023-05-31 00:00:00+05:30,418.9,425.6,415.7,423.35,575311
2023-06-01 00:00:00+05:30,423.0,444.0,422.4,441.3,1720205
2023-06-02 00:00:00+05:30,443.5,448.4,430.3,431.75,717861
2023-06-05 00:00:00+05:30,434.0,438.9,426.0,427.35,502078
2023-06-06 00:00:00+05:30,422.3,429.15,421.2,423.95,263459
2023-06-07 00:00:00+05:30,426.25,433.45,424.3,429.15,307564
2023-06-08 00:00:00+05:30,431.5,441.4,425.0,432.95,520143
2023-06-09 00:00:00+05:30,434.5,474.9,432.05,458.4,4913525
2023-06-12 00:00:00+05:30,460.0,463.0,446.0,450.75,918651
2023-06-13 00:00:00+05:30,450.2,453.9,444.0,449.25,723601
2023-06-14 00:00:00+05:30,449.75,466.35,449.75,460.15,917816
2023-06-15 00:00:00+05:30,460.15,481.8,455.5,468.15,1943087
2023-06-16 00:00:00+05:30,470.8,474.5,462.4,464.0,522174
2023-06-19 00:00:00+05:30,463.0,466.5,454.05,458.75,480286
2023-06-20 00:00:00+05:30,461.1,470.55,458.65,468.35,529116
2023-06-21 00:00:00+05:30,470.85,479.05,466.85,468.5,658873
2023-06-22 00:00:00+05:30,473.8,488.0,462.3,468.25,1495670
2023-06-23 00:00:00+05:30,471.0,475.85,461.0,468.1,558342
2023-06-26 00:00:00+05:30,469.0,470.55,460.8,462.55,259974
2023-06-27 00:00:00+05:30,465.55,465.95,460.0,461.5,227328
2023-06-28 00:00:00+05:30,463.1,464.35,456.3,460.2,222515
2023-06-30 00:00:00+05:30,459.95,463.7,450.85,456.0,232778
2023-07-03 00:00:00+05:30,461.95,468.15,442.95,445.8,643869
2023-07-04 00:00:00+05:30,445.0,450.35,439.65,444.05,549947
2023-07-05 00:00:00+05:30,446.2,446.3,437.0,438.8,482938
2023-07-06 00:00:00+05:30,438.0,454.45,436.1,449.0,633576
2023-07-07 00:00:00+05:30,450.0,450.0,439.05,444.95,638027
2023-07-10 00:00:00+05:30,463.0,472.8,452.1,463.5,1588793
2023-07-11 00:00:00+05:30,467.0,484.9,466.25,480.0,1323973
2023-07-12 00:00:00+05:30,483.6,498.1,474.9,494.0,858315
2023-07-13 00:00:00+05:30,493.95,496.45,474.15,482.5,503679
2023-07-14 00:00:00+05:30,483.0,486.85,476.55,481.4,302112
2023-07-17 00:00:00+05:30,480.0,486.15,476.05,478.45,227285
2023-07-18 00:00:00+05:30,481.0,486.65,474.05,475.1,285447
2023-07-19 00:00:00+05:30,475.85,478.75,471.4,476.0,245408
2023-07-20 00:00:00+05:30,477.0,481.2,472.2,472.65,213424
2023-07-21 00:00:00+05:30,471.55,492.55,471.1,481.0,737287
2023-07-24 00:00:00+05:30,485.0,488.95,481.0,483.65,286071
2023-07-25 00:00:00+05:30,484.9,486.95,478.0,485.45,183351
2023-07-26 00:00:00+05:30,482.15,485.45,479.0,479.0,178158
2023-07-27 00:00:00+05:30,481.6,484.2,477.0,481.0,179761
2023-07-28 00:00:00+05:30,484.5,508.6,474.15,489.5,993660
2023-07-31 00:00:00+05:30,493.95,526.95,488.65,525.0,1834007
2023-08-01 00:00:00+05:30,525.0,534.0,512.6,515.3,690747
2023-08-02 00:00:00+05:30,495.0,497.75,472.8,474.0,2170829
2023-08-03 00:00:00+05:30,470.0,479.25,464.55,475.9,774669
2023-08-04 00:00:00+05:30,478.0,482.9,472.65,479.8,480785
2023-08-07 00:00:00+05:30,484.95,493.3,483.0,485.0,463580
2023-08-08 00:00:00+05:30,487.8,493.1,482.05,488.9,301570
2023-08-09 00:00:00+05:30,489.1,496.4,489.1,494.5,414052
2023-08-10 00:00:00+05:30,497.95,508.45,488.0,489.0,791336
2023-08-11 00:00:00+05:30,492.0,508.7,490.25,498.85,829961
2023-08-14 00:00:00+05:30,499.65,499.65,490.2,492.0,230144
2023-08-16 00:00:00+05:30,493.0,496.6,488.9,494.85,149455
2023-08-17 00:00:00+05:30,494.0,497.75,487.0,489.0,209424
2023-08-18 00:00:00+05:30,505.0,509.6,492.95,492.95,903879
2023-08-21 00:00:00+05:30,497.95,498.4,489.25,494.55,659790
2023-08-22 00:00:00+05:30,495.7,508.3,490.05,507.75,725632
2023-08-23 00:00:00+05:30,502.0,516.65,498.0,514.35,606403
2023-08-24 00:00:00+05:30,514.0,515.95,505.5,514.6,434608
2023-08-25 00:00:00+05:30,510.0,520.85,506.1,506.55,521637
2023-08-28 00:00:00+05:30,509.45,513.05,503.55,504.0,205544
2023-08-29 00:00:00+05:30,506.0,513.0,504.85,511.5,302855
2023-08-30 00:00:00+05:30,511.95,514.4,507.0,509.8,243988
2023-08-31 00:00:00+05:30,490.0,498.9,487.5,490.8,4458724
2023-09-01 00:00:00+05:30,498.7,498.7,490.0,491.85,773600
2023-09-04 00:00:00+05:30,490.0,493.0,482.2,484.2,1705438
2023-09-05 00:00:00+05:30,485.45,489.4,482.0,484.5,894465
2023-09-06 00:00:00+05:30,485.5,488.7,484.0,486.2,502781
2023-09-07 00:00:00+05:30,489.8,489.8,476.4,477.75,942756
2023-09-08 00:00:00+05:30,480.0,480.0,466.25,468.85,1156064
2023-09-11 00:00:00+05:30,469.0,485.95,469.0,483.5,726359
2023-09-12 00:00:00+05:30,485.0,485.9,465.65,476.7,548124
2023-09-13 00:00:00+05:30,482.95,482.95,470.0,472.5,207461
2023-09-14 00:00:00+05:30,477.25,479.0,472.3,476.2,293244
2023-09-15 00:00:00+05:30,479.85,485.8,476.2,484.85,490133
2023-09-18 00:00:00+05:30,485.0,486.9,477.85,478.65,168162
2023-09-20 00:00:00+05:30,479.4,484.25,475.0,480.0,203164
2023-09-21 00:00:00+05:30,477.0,486.0,473.5,475.25,307767
2023-09-22 00:00:00+05:30,477.35,480.25,471.05,473.9,259155
2023-09-25 00:00:00+05:30,474.15,478.65,465.0,465.95,193410
2023-09-26 00:00:00+05:30,466.95,470.9,465.95,468.9,116575
2023-09-27 00:00:00+05:30,470.5,472.0,464.3,465.25,118500
2023-09-28 00:00:00+05:30,465.25,473.55,464.0,465.1,240319
2023-09-29 00:00:00+05:30,466.0,469.45,460.0,464.45,268041
2023-10-03 00:00:00+05:30,464.95,483.7,463.6,481.05,427969
2023-10-04 00:00:00+05:30,481.05,481.7,469.2,472.4,171998
2023-10-05 00:00:00+05:30,475.25,477.55,470.0,474.2,170146
2023-10-06 00:00:00+05:30,476.95,476.95,464.4,467.85,605645
2023-10-09 00:00:00+05:30,465.35,467.7,459.0,464.15,298111
2023-10-10 00:00:00+05:30,468.0,472.5,462.65,466.0,151784
2023-10-11 00:00:00+05:30,468.65,473.4,465.05,466.55,767752
2023-10-12 00:00:00+05:30,477.8,485.0,471.0,477.45,933435
2023-10-13 00:00:00+05:30,478.5,482.45,474.35,477.8,230625
2023-10-16 00:00:00+05:30,477.8,482.5,473.2,475.0,167777
2023-10-17 00:00:00+05:30,477.0,479.65,475.35,476.8,104875
2023-10-18 00:00:00+05:30,478.95,492.3,472.15,485.85,529285
2023-10-19 00:00:00+05:30,484.0,490.0,478.0,489.05,391081
2023-10-20 00:00:00+05:30,489.05,490.95,477.5,479.95,283202
2023-10-23 00:00:00+05:30,480.0,481.1,461.3,463.85,257845
2023-10-25 00:00:00+05:30,465.0,479.35,458.0,466.25,323036
2023-10-26 00:00:00+05:30,465.0,465.0,447.0,457.35,265277
2023-10-27 00:00:00+05:30,461.75,471.0,461.05,469.15,146145
2023-10-30 00:00:00+05:30,471.0,472.2,463.25,469.15,107820
2023-10-31 00:00:00+05:30,471.3,475.0,465.05,467.35,92545
2023-11-01 00:00:00+05:30,467.35,471.9,465.0,467.4,107460
2023-11-02 00:00:00+05:30,469.9,474.7,465.15,469.15,103915
2023-11-03 00:00:00+05:30,471.5,478.05,468.0,474.45,146289
2023-11-06 00:00:00+05:30,477.95,481.0,474.45,477.2,95490
2023-11-07 00:00:00+05:30,480.5,481.5,473.9,475.85,142686
2023-11-08 00:00:00+05:30,476.0,488.2,472.05,483.8,301049
2023-11-09 00:00:00+05:30,485.0,488.05,480.05,482.55,171822
2023-11-10 00:00:00+05:30,488.0,494.0,482.0,484.0,365601
2023-11-12 00:00:00+05:30,489.65,490.0,485.9,488.25,107011
2023-11-13 00:00:00+05:30,488.0,488.85,483.95,485.7,117543
2023-11-15 00:00:00+05:30,490.0,491.55,486.0,488.0,187346
2023-11-16 00:00:00+05:30,489.95,493.95,475.1,478.45,291570
2023-11-17 00:00:00+05:30,479.0,487.0,478.4,484.0,164871
2023-11-20 00:00:00+05:30,486.95,492.0,482.3,483.85,263273
2023-11-21 00:00:00+05:30,487.75,487.75,481.8,484.05,157413
2023-11-22 00:00:00+05:30,485.0,485.5,477.8,481.2,157843
2023-11-23 00:00:00+05:30,483.65,485.0,479.0,481.45,124990
2023-11-24 00:00:00+05:30,480.5,485.0,479.0,481.0,126662
2023-11-28 00:00:00+05:30,480.2,483.5,459.0,460.75,965148
2023-11-29 00:00:00+05:30,467.0,468.4,454.65,460.25,825194
2023-11-30 00:00:00+05:30,463.65,466.5,462.05,464.3,342037
2023-12-01 00:00:00+05:30,468.0,472.5,463.55,470.5,272330
2023-12-04 00:00:00+05:30,475.0,477.4,469.05,470.5,310156
2023-12-05 00:00:00+05:30,471.0,475.0,469.45,472.35,222032
2023-12-06 00:00:00+05:30,471.1,475.0,469.75,470.3,178305
2023-12-07 00:00:00+05:30,470.2,473.85,467.3,470.75,220864
2023-12-08 00:00:00+05:30,472.0,475.0,464.0,464.45,350616
2023-12-11 00:00:00+05:30,466.0,471.55,465.95,467.1,218758
2023-12-12 00:00:00+05:30,469.0,474.0,466.0,467.7,230605
2023-12-13 00:00:00+05:30,471.4,471.4,466.8,469.55,211959
2023-12-14 00:00:00+05:30,472.0,472.9,461.35,465.5,253854
2023-12-15 00:00:00+05:30,467.75,480.0,466.45,474.5,477464
2023-12-18 00:00:00+05:30,479.9,480.0,470.6,475.5,281737
2023-12-19 00:00:00+05:30,477.0,477.0,471.5,473.0,132267
2023-12-20 00:00:00+05:30,476.9,476.9,457.6,459.35,246409
2023-12-21 00:00:00+05:30,459.0,472.3,452.55,470.3,390562
2023-12-22 00:00:00+05:30,470.0,474.55,467.0,470.6,155871
2023-12-26 00:00:00+05:30,469.5,482.0,469.0,479.8,409830
2023-12-27 00:00:00+05:30,480.0,481.05,469.75,475.55,390176
2023-12-28 00:00:00+05:30,485.05,512.0,478.8,497.9,3890662
2023-12-29 00:00:00+05:30,501.95,512.9,492.0,498.5,1300042
2024-01-01 00:00:00+05:30,500.4,508.7,493.75,496.0,609500
2024-01-02 00:00:00+05:30,500.0,501.6,485.25,490.6,620488
2024-01-03 00:00:00+05:30,490.45,502.0,489.2,497.7,404773
2024-01-04 00:00:00+05:30,498.75,503.95,495.6,497.75,396446
2024-01-05 00:00:00+05:30,502.0,567.95,502.0,554.4,8604945
2024-01-08 00:00:00+05:30,585.0,665.25,583.2,662.05,16339597
2024-01-09 00:00:00+05:30,673.0,699.0,632.5,670.85,10695026
2024-01-10 00:00:00+05:30,661.55,681.0,641.55,648.6,1583170
2024-01-11 00:00:00+05:30,652.0,653.45,633.0,635.9,953546
2024-01-12 00:00:00+05:30,637.95,660.0,630.0,632.6,847147
2024-01-15 00:00:00+05:30,633.9,639.8,609.55,613.85,704800
2024-01-16 00:00:00+05:30,612.6,648.75,612.6,630.25,938744
2024-01-17 00:00:00+05:30,622.0,635.3,614.0,617.45,401708
2024-01-18 00:00:00+05:30,617.0,649.0,602.0,637.3,1309301
2024-01-19 00:00:00+05:30,640.7,645.0,630.0,633.3,340905
2024-01-20 00:00:00+05:30,633.9,633.9,622.0,623.05,225323
2024-01-23 00:00:00+05:30,626.8,657.85,626.75,635.5,1157792
2024-01-24 00:00:00+05:30,636.65,673.5,627.85,665.1,1488492
2024-01-25 00:00:00+05:30,668.45,676.3,650.0,656.9,831614
2024-01-29 00:00:00+05:30,660.2,670.45,649.95,655.7,707321
2024-01-30 00:00:00+05:30,661.35,674.5,646.05,648.6,509442
2024-01-31 00:00:00+05:30,648.0,692.0,648.0,663.3,1541588
2024-02-01 00:00:00+05:30,663.9,673.45,640.35,646.5,587173
2024-02-02 00:00:00+05:30,649.75,654.6,638.0,640.4,362026
2024-02-05 00:00:00+05:30,643.4,654.9,634.0,637.35,450720
2024-02-06 00:00:00+05:30,639.65,659.0,631.05,648.3,788334
2024-02-07 00:00:00+05:30,651.65,655.0,637.35,641.75,354898
2024-02-08 00:00:00+05:30,644.8,644.8,621.9,624.6,465935
2024-02-09 00:00:00+05:30,627.05,628.9,611.25,612.4,411842
2024-02-12 00:00:00+05:30,616.0,636.0,555.55,584.8,752719
2024-02-13 00:00:00+05:30,584.9,623.55,575.3,613.3,717368
2024-02-14 00:00:00+05:30,601.0,612.5,591.2,600.0,503207
2024-02-15 00:00:00+05:30,608.05,609.95,593.15,596.45,344558
2024-02-16 00:00:00+05:30,603.0,639.95,602.2,617.55,1376082
2024-02-19 00:00:00+05:30,586.0,590.05,565.55,569.1,23186843
2024-02-20 00:00:00+05:30,576.0,582.75,569.1,578.15,2839522
2024-02-21 00:00:00+05:30,575.85,576.0,552.25,554.9,2253211
2024-02-22 00:00:00+05:30,565.0,571.55,552.55,562.15,3150167
2024-02-23 00:00:00+05:30,564.95,566.4,557.75,559.8,695257
2024-02-26 00:00:00+05:30,560.75,566.8,555.55,557.05,578878
2024-02-27 00:00:00+05:30,556.8,562.65,547.0,549.1,600655
2024-02-28 00:00:00+05:30,549.1,554.6,531.0,533.35,767254
2024-02-29 00:00:00+05:30,527.1,533.0,520.5,526.1,655942
2024-03-01 00:00:00+05:30,528.0,559.4,528.0,557.15,1356610
2024-03-02 00:00:00+05:30,558.8,560.9,550.1,557.0,98825
2024-03-04 00:00:00+05:30,558.95,572.6,548.6,564.7,1604361
2024-03-05 00:00:00+05:30,563.75,564.6,553.95,557.8,507270
2024-03-06 00:00:00+05:30,556.0,556.95,533.6,547.1,644261
2024-03-07 00:00:00+05:30,543.7,555.0,543.7,546.35,256358
2024-03-11 00:00:00+05:30,547.95,554.0,517.05,519.75,976177
2024-03-12 00:00:00+05:30,520.85,535.95,510.75,528.45,1114383
2024-03-13 00:00:00+05:30,528.45,536.0,503.0,506.3,993411
2024-03-14 00:00:00+05:30,505.0,524.4,499.3,521.9,762133
2024-03-15 00:00:00+05:30,518.6,531.4,515.1,523.1,442794
2024-03-18 00:00:00+05:30,528.0,544.75,528.0,538.35,1077609
2024-03-19 00:00:00+05:30,535.1,537.8,520.2,524.05,305201
2024-03-20 00:00:00+05:30,525.0,529.0,517.2,520.95,265434
2024-03-21 00:00:00+05:30,529.7,538.9,523.3,537.0,505472
2024-03-22 00:00:00+05:30,537.0,555.0,534.3,548.9,752848
2024-03-26 00:00:00+05:30,551.0,554.0,535.5,539.0,624381
2024-03-27 00:00:00+05:30,542.0,553.3,539.65,544.5,695659
2024-03-28 00:00:00+05:30,537.45,552.85,537.45,551.4,533752
2024-04-01 00:00:00+05:30,554.4,567.4,553.0,559.2,485414
2024-04-02 00:00:00+05:30,559.4,565.0,559.0,561.15,270725
2024-04-03 00:00:00+05:30,561.0,566.85,559.15,562.05,226347
2024-04-04 00:00:00+05:30,565.1,569.5,552.0,553.15,357199
2024-04-05 00:00:00+05:30,554.4,565.0,554.0,560.3,397590
2024-04-08 00:00:00+05:30,564.7,565.95,553.5,555.55,287302
2024-04-09 00:00:00+05:30,575.0,584.0,552.0,556.5,1955233
2024-04-10 00:00:00+05:30,557.8,566.8,550.1,559.75,532334
2024-04-12 00:00:00+05:30,570.3,582.5,569.6,570.7,2057734
2024-04-15 00:00:00+05:30,562.95,572.45,555.5,564.85,786319
2024-04-16 00:00:00+05:30,561.0,579.05,558.05,559.9,669310
2024-04-18 00:00:00+05:30,563.9,571.9,557.4,559.45,370981
2024-04-19 00:00:00+05:30,552.05,559.0,545.3,553.85,307999
2024-04-22 00:00:00+05:30,555.95,562.75,555.95,559.4,212248
2024-04-23 00:00:00+05:30,560.95,566.0,560.3,561.5,223950
2024-04-24 00:00:00+05:30,563.45,566.0,554.0,554.8,425722
2024-04-25 00:00:00+05:30,559.5,559.5,553.3,553.95,204484
2024-04-26 00:00:00+05:30,557.0,558.0,544.0,546.4,398238
2024-04-29 00:00:00+05:30,550.0,555.5,550.0,552.1,203439
2024-04-30 00:00:00+05:30,551.0,554.25,545.0,546.15,430182
2024-05-02 00:00:00+05:30,548.0,553.4,545.5,552.25,194753
2024-05-03 00:00:00+05:30,555.0,555.0,545.05,548.1,257570
2024-05-06 00:00:00+05:30,550.1,554.5,542.0,544.05,289573
2024-05-07 00:00:00+05:30,545.25,549.4,535.0,536.65,283245
2024-05-08 00:00:00+05:30,537.3,550.0,533.05,541.95,393435
2024-05-09 00:00:00+05:30,525.0,525.9,493.1,496.75,2249525
2024-05-10 00:00:00+05:30,505.4,506.4,473.15,476.5,1576951
2024-05-13 00:00:00+05:30,477.15,488.8,476.7,482.3,708401
2024-05-14 00:00:00+05:30,484.7,501.85,484.7,499.8,454593
2024-05-15 00:00:00+05:30,499.8,504.8,489.15,491.8,584028
2024-05-16 00:00:00+05:30,495.0,498.85,493.25,496.5,207164
2024-05-17 00:00:00+05:30,498.65,506.8,496.5,504.65,234453
2024-05-18 00:00:00+05:30,506.25,509.65,505.1,507.85,63381
2024-05-21 00:00:00+05:30,509.0,511.0,500.45,507.65,264606
2024-05-22 00:00:00+05:30,510.0,510.0,501.05,505.75,187857
2024-05-23 00:00:00+05:30,507.0,509.95,502.85,504.25,195272
2024-05-24 00:00:00+05:30,507.0,508.85,498.0,500.0,172458
2024-05-27 00:00:00+05:30,504.0,504.2,491.95,494.8,221633
2024-05-28 00:00:00+05:30,497.65,497.75,486.25,487.6,218114
2024-05-29 00:00:00+05:30,485.0,488.5,481.05,485.2,315608
2024-05-30 00:00:00+05:30,485.6,485.85,481.1,482.15,132651
2024-05-31 00:00:00+05:30,482.95,532.0,482.95,522.1,1408018
2024-06-03 00:00:00+05:30,547.95,547.95,504.6,506.95,952461
2024-06-04 00:00:00+05:30,519.0,519.0,468.0,483.3,708155
2024-06-05 00:00:00+05:30,494.0,516.0,478.55,511.65,969756
2024-06-06 00:00:00+05:30,515.0,525.75,513.2,519.95,704062
2024-06-07 00:00:00+05:30,521.0,528.4,518.0,522.55,341733
2024-06-10 00:00:00+05:30,526.65,527.0,514.05,516.65,266578
2024-06-11 00:00:00+05:30,518.3,528.1,515.6,519.8,285753
2024-06-12 00:00:00+05:30,521.0,525.7,515.0,517.9,257394
2024-06-13 00:00:00+05:30,520.0,521.5,515.25,516.4,176864
2024-06-14 00:00:00+05:30,517.0,519.95,511.4,513.15,209034
2024-06-18 00:00:00+05:30,518.0,518.8,507.1,510.2,392013
2024-06-19 00:00:00+05:30,512.2,514.45,506.35,507.6,294547
2024-06-20 00:00:00+05:30,510.8,511.4,506.0,508.3,230973
2024-06-21 00:00:00+05:30,513.0,513.95,501.05,502.45,380871
2024-06-24 00:00:00+05:30,507.45,507.45,498.0,499.1,475741
2024-06-25 00:00:00+05:30,501.65,502.75,497.5,498.75,307800
2024-06-26 00:00:00+05:30,498.0,502.15,497.6,498.9,242033
2024-06-27 00:00:00+05:30,500.0,507.5,485.65,493.8,409506
2024-06-28 00:00:00+05:30,502.65,502.65,494.0,498.25,238464
2024-07-01 00:00:00+05:30,498.25,500.15,496.25,499.1,269527
2024-07-02 00:00:00+05:30,500.2,512.0,497.0,502.35,383085
2024-07-03 00:00:00+05:30,504.9,506.65,497.5,498.4,215724
2024-07-04 00:00:00+05:30,504.9,505.9,500.0,502.0,280336
2024-07-05 00:00:00+05:30,502.0,502.0,496.95,497.9,255482
2024-07-08 00:00:00+05:30,499.9,514.0,495.6,496.65,604406
2024-07-09 00:00:00+05:30,497.0,503.0,493.4,495.35,323546
2024-07-10 00:00:00+05:30,498.95,506.15,491.0,501.75,367083
2024-07-11 00:00:00+05:30,510.0,510.0,498.85,500.15,1082955
2024-07-12 00:00:00+05:30,506.0,506.0,499.0,499.9,281075
2024-07-15 00:00:00+05:30,500.0,504.7,497.35,498.7,224965
2024-07-16 00:00:00+05:30,498.7,501.45,497.1,498.3,227077
2024-07-18 00:00:00+05:30,498.0,500.5,494.0,494.3,217026
2024-07-19 00:00:00+05:30,495.0,495.0,487.0,488.25,210851
2024-07-22 00:00:00+05:30,488.95,491.95,484.15,489.75,233542
2024-07-23 00:00:00+05:30,489.0,494.2,481.0,486.85,308342
2024-07-24 00:00:00+05:30,486.0,497.15,486.0,493.85,215701
2024-07-25 00:00:00+05:30,493.65,498.3,490.8,493.25,226076
2024-07-26 00:00:00+05:30,498.65,500.0,494.05,495.8,196941
2024-07-29 00:00:00+05:30,500.95,500.95,495.8,497.85,199427
2024-07-30 00:00:00+05:30,498.8,498.8,493.9,494.6,214566
2024-07-31 00:00:00+05:30,497.95,498.9,493.1,493.95,231988
2024-08-01 00:00:00+05:30,498.3,498.3,493.05,494.1,177165
2024-08-02 00:00:00+05:30,492.45,496.1,489.5,491.8,151665
2024-08-05 00:00:00+05:30,487.95,491.7,477.6,479.1,362138
2024-08-06 00:00:00+05:30,481.1,490.8,478.1,479.6,191923
2024-08-07 00:00:00+05:30,480.0,495.0,479.15,484.1,343447
2024-08-08 00:00:00+05:30,490.0,491.0,477.1,480.2,386157
2024-08-09 00:00:00+05:30,482.0,490.7,482.0,487.55,286292
2024-08-12 00:00:00+05:30,482.0,488.9,481.4,483.3,198850
2024-08-13 00:00:00+05:30,488.4,489.3,480.0,480.85,180328
2024-08-14 00:00:00+05:30,482.2,484.7,465.3,470.1,283451
2024-08-16 00:00:00+05:30,470.1,482.0,470.1,479.05,151252
2024-08-19 00:00:00+05:30,489.7,491.3,480.8,484.2,263410
2024-08-20 00:00:00+05:30,487.65,487.65,483.2,484.65,145862
2024-08-21 00:00:00+05:30,484.95,486.2,482.9,484.7,188701
2024-08-22 00:00:00+05:30,488.65,490.3,481.15,483.3,317300
2024-08-23 00:00:00+05:30,487.75,488.0,483.0,483.9,164916
2024-08-26 00:00:00+05:30,483.9,486.65,481.5,484.1,191942
2024-08-27 00:00:00+05:30,485.0,488.45,483.05,485.6,235054
2024-08-28 00:00:00+05:30,487.0,490.2,485.0,485.85,215409
2024-08-29 00:00:00+05:30,485.65,487.9,480.6,481.45,187245
2024-08-30 00:00:00+05:30,482.1,510.9,482.0,499.35,2086052
2024-09-02 00:00:00+05:30,506.15,506.5,486.0,487.9,541537
2024-09-03 00:00:00+05:30,489.9,490.55,484.1,486.85,231911
2024-09-04 00:00:00+05:30,482.6,490.5,479.1,488.05,253162
2024-09-05 00:00:00+05:30,488.05,495.8,484.1,486.9,363725
2024-09-06 00:00:00+05:30,493.45,494.7,483.55,484.45,338068
2024-09-09 00:00:00+05:30,484.45,489.45,478.05,481.15,168005
2024-09-10 00:00:00+05:30,483.9,493.65,481.5,488.4,380158
2024-09-11 00:00:00+05:30,490.8,493.5,482.65,484.15,196396
2024-09-12 00:00:00+05:30,486.25,490.0,480.1,482.4,284866
2024-09-13 00:00:00+05:30,484.3,496.0,483.0,493.85,475601
2024-09-16 00:00:00+05:30,495.0,498.0,486.35,488.55,332245
2024-09-17 00:00:00+05:30,489.65,492.35,484.5,485.1,259478
2024-09-18 00:00:00+05:30,488.65,488.85,482.8,485.1,218424
2024-09-19 00:00:00+05:30,487.0,489.35,480.1,483.25,197826
2024-09-20 00:00:00+05:30,490.9,490.9,483.1,484.15,319531
2024-09-23 00:00:00+05:30,486.0,488.9,483.2,486.55,309415
2024-09-24 00:00:00+05:30,488.65,490.0,484.5,485.85,191784
2024-09-25 00:00:00+05:30,484.0,486.4,481.05,481.6,145668
2024-09-26 00:00:00+05:30,483.0,483.0,477.5,478.05,724405
2024-09-27 00:00:00+05:30,481.0,490.0,478.1,481.2,789197
2024-09-30 00:00:00+05:30,479.9,484.55,476.55,479.6,169968
2024-10-01 00:00:00+05:30,481.25,481.65,458.35,459.9,1272242
2024-10-03 00:00:00+05:30,456.0,459.7,447.65,453.85,608315
2024-10-04 00:00:00+05:30,453.5,463.0,451.0,456.35,435670
2024-10-07 00:00:00+05:30,457.95,460.45,445.25,447.6,360204
2024-10-08 00:00:00+05:30,447.65,454.7,445.8,448.9,236350
2024-10-09 00:00:00+05:30,453.35,460.85,452.0,454.25,291762
2024-10-10 00:00:00+05:30,455.0,460.7,448.8,449.65,271280
2024-10-11 00:00:00+05:30,449.65,452.0,436.6,441.9,739643
2024-10-14 00:00:00+05:30,446.25,452.0,438.6,440.0,640240
2024-10-15 00:00:00+05:30,438.15,444.8,438.1,439.85,361369
2024-10-16 00:00:00+05:30,439.7,447.5,439.25,445.75,255647
2024-10-17 00:00:00+05:30,446.45,450.8,434.0,434.7,460101
2024-10-18 00:00:00+05:30,434.5,439.65,432.0,434.35,264370
2024-10-21 00:00:00+05:30,435.0,438.2,419.2,421.4,655481
2024-10-22 00:00:00+05:30,425.0,427.45,415.0,416.3,381248
2024-10-23 00:00:00+05:30,416.0,424.0,411.2,413.05,549661
2024-10-24 00:00:00+05:30,414.95,423.95,412.45,414.2,369090
2024-10-25 00:00:00+05:30,415.5,418.95,405.1,410.35,332550
2024-10-28 00:00:00+05:30,414.95,420.3,407.95,415.7,277043
2024-10-29 00:00:00+05:30,414.05,422.4,404.75,409.4,310414
2024-10-30 00:00:00+05:30,409.3,422.0,408.5,412.8,445799
2024-10-31 00:00:00+05:30,414.0,419.45,410.4,414.75,259912
2024-11-01 00:00:00+05:30,420.0,423.4,418.0,421.75,91406
2024-11-04 00:00:00+05:30,425.0,425.0,415.6,420.0,257730
2024-11-05 00:00:00+05:30,420.9,432.1,418.65,427.0,275467
2024-11-06 00:00:00+05:30,433.4,436.75,427.2,435.4,200599
2024-11-07 00:00:00+05:30,436.8,439.0,433.2,435.35,157585
2024-11-08 00:00:00+05:30,436.7,436.7,422.6,424.45,185087
2024-11-11 00:00:00+05:30,425.0,425.0,411.4,414.55,223465
2024-11-12 00:00:00+05:30,415.45,420.6,413.1,416.2,160037
2024-11-13 00:00:00+05:30,382.35,404.0,382.35,399.0,1224844
2024-11-14 00:00:00+05:30,402.0,407.0,392.1,395.45,352414
2024-11-18 00:00:00+05:30,396.05,400.0,385.5,391.65,219264
2024-11-19 00:00:00+05:30,392.1,401.9,390.1,394.5,197936
2024-11-21 00:00:00+05:30,391.0,399.35,391.0,392.5,212165
2024-11-22 00:00:00+05:30,391.0,398.3,391.0,396.65,142685
2024-11-25 00:00:00+05:30,402.0,404.95,396.0,397.65,194053
2024-11-26 00:00:00+05:30,400.0,402.0,397.7,400.5,114391
2024-11-27 00:00:00+05:30,395.6,427.0,395.6,418.95,860601
2024-11-28 00:00:00+05:30,420.2,428.7,417.45,426.1,279133
2024-11-29 00:00:00+05:30,426.1,435.0,426.1,432.7,286864
2024-12-02 00:00:00+05:30,432.55,437.5,428.45,431.4,199833
2024-12-03 00:00:00+05:30,432.95,437.8,430.85,431.75,211983
2024-12-04 00:00:00+05:30,434.7,441.85,431.3,436.2,317043
2024-12-05 00:00:00+05:30,437.0,440.3,432.5,433.5,195074
2024-12-06 00:00:00+05:30,435.0,436.1,431.5,433.05,126396
2024-12-09 00:00:00+05:30,433.05,436.95,429.85,430.65,157710
2024-12-10 00:00:00+05:30,432.0,450.75,429.2,446.15,440503
2024-12-11 00:00:00+05:30,450.0,456.0,444.7,446.45,419568
2024-12-12 00:00:00+05:30,448.9,448.9,434.1,439.15,189627
2024-12-13 00:00:00+05:30,434.75,437.05,418.15,429.2,298402
2024-12-16 00:00:00+05:30,429.0,438.0,428.95,432.85,177954
2024-12-17 00:00:00+05:30,435.0,439.85,428.2,429.6,253641
2024-12-18 00:00:00+05:30,429.0,431.9,422.65,423.35,160551
2024-12-19 00:00:00+05:30,418.0,423.35,415.55,420.85,136625
2024-12-20 00:00:00+05:30,421.4,424.75,412.55,414.45,146894
2024-12-23 00:00:00+05:30,415.05,418.2,403.0,404.15,283817
2024-12-24 00:00:00+05:30,405.35,417.95,405.35,409.8,217465
2024-12-26 00:00:00+05:30,413.9,413.9,406.15,408.9,113502
2024-12-27 00:00:00+05:30,411.0,414.4,405.05,408.65,204917
2024-12-30 00:00:00+05:30,408.0,411.5,403.8,409.15,196885
2024-12-31 00:00:00+05:30,417.45,417.7,409.0,416.75,205783
2025-01-01 00:00:00+05:30,416.75,419.8,411.35,414.9,93569
2025-01-02 00:00:00+05:30,414.9,424.8,414.9,421.0,222182
2025-01-03 00:00:00+05:30,421.0,430.85,420.95,425.7,194643
2025-01-06 00:00:00+05:30,432.75,432.8,404.05,405.7,219736
2025-01-07 00:00:00+05:30,405.7,414.0,405.7,410.9,118832
2025-01-08 00:00:00+05:30,415.0,417.2,405.05,406.8,125401
2025-01-09 00:00:00+05:30,405.05,411.45,401.0,401.6,105467
2025-01-10 00:00:00+05:30,401.5,402.9,391.7,395.8,208671
2025-01-13 00:00:00+05:30,393.05,394.65,375.0,376.65,395109
2025-01-14 00:00:00+05:30,370.05,382.95,370.05,374.3,278773
2025-01-15 00:00:00+05:30,390.0,390.4,375.0,376.0,590270
2025-01-16 00:00:00+05:30,383.5,386.0,375.0,376.6,236242
2025-01-17 00:00:00+05:30,378.0,387.45,376.75,381.9,344798
2025-01-20 00:00:00+05:30,387.45,388.05,377.55,378.9,223402
2025-01-21 00:00:00+05:30,379.05,383.95,374.7,375.15,157536
2025-01-22 00:00:00+05:30,378.6,378.6,370.2,372.65,156466
2025-01-23 00:00:00+05:30,373.9,375.7,366.3,368.6,223386
2025-01-24 00:00:00+05:30,370.3,371.45,357.0,359.55,255327
2025-01-27 00:00:00+05:30,358.65,358.65,347.55,349.0,293692
2025-01-28 00:00:00+05:30,351.9,353.15,338.05,339.1,315539
2025-01-29 00:00:00+05:30,340.0,355.95,339.95,348.85,210456
2025-01-30 00:00:00+05:30,350.0,356.6,345.0,346.25,210800
2025-01-31 00:00:00+05:30,348.4,352.5,346.35,350.6,223404
2025-02-01 00:00:00+05:30,351.0,366.0,346.5,356.8,328267
2025-02-03 00:00:00+05:30,356.8,371.95,353.05,360.55,485178
2025-02-04 00:00:00+05:30,363.65,366.75,359.0,361.9,211119
2025-02-05 00:00:00+05:30,364.65,370.0,362.55,364.7,300769
2025-02-06 00:00:00+05:30,355.25,355.25,347.5,349.7,843211
2025-02-07 00:00:00+05:30,349.95,352.9,342.9,344.4,278945
2025-02-10 00:00:00+05:30,346.1,347.25,334.65,335.45,240879
2025-02-11 00:00:00+05:30,336.0,336.8,321.1,325.7,311408
2025-02-12 00:00:00+05:30,329.0,332.95,308.1,319.35,397044
2025-02-13 00:00:00+05:30,325.0,325.0,315.0,315.95,249959
2025-02-14 00:00:00+05:30,317.15,317.2,307.65,313.0,243401
2025-02-17 00:00:00+05:30,306.0,309.3,298.0,302.45,644709
2025-02-18 00:00:00+05:30,303.9,303.9,288.1,289.5,578770
2025-02-19 00:00:00+05:30,290.0,298.9,287.2,297.8,499738
2025-02-20 00:00:00+05:30,296.0,298.95,288.15,290.25,1058004
2025-02-21 00:00:00+05:30,291.0,295.9,285.0,285.45,494540
2025-02-24 00:00:00+05:30,282.0,288.65,272.65,279.05,992708
2025-02-25 00:00:00+05:30,280.95,281.8,274.85,275.1,389616
2025-02-27 00:00:00+05:30,275.1,277.8,260.0,260.7,601036
2025-02-28 00:00:00+05:30,261.0,265.05,250.25,253.8,1880660
2025-03-03 00:00:00+05:30,256.0,259.4,243.0,253.65,742544
2025-03-04 00:00:00+05:30,252.5,261.45,249.15,258.6,661846
2025-03-05 00:00:00+05:30,257.25,267.95,257.15,266.65,420098
2025-03-06 00:00:00+05:30,269.9,273.5,266.7,271.5,407524
2025-03-07 00:00:00+05:30,272.9,273.6,268.15,269.55,485923
2025-03-10 00:00:00+05:30,269.55,271.0,260.9,261.35,545059
2025-03-11 00:00:00+05:30,260.6,261.05,255.0,257.4,469501
2025-03-12 00:00:00+05:30,258.8,259.9,248.65,250.4,460070
2025-03-13 00:00:00+05:30,250.7,255.95,250.0,250.25,392265
2025-03-17 00:00:00+05:30,252.05,255.0,247.45,248.5,509967
2025-03-18 00:00:00+05:30,250.15,276.9,250.15,274.75,2081582
2025-03-19 00:00:00+05:30,275.0,285.3,275.0,282.75,853078
2025-03-20 00:00:00+05:30,282.0,288.65,277.0,278.8,677260
2025-03-21 00:00:00+05:30,278.8,287.65,278.3,285.9,546970
2025-03-24 00:00:00+05:30,287.95,294.9,287.95,289.2,629320
2025-03-25 00:00:00+05:30,290.0,291.35,275.2,276.2,794594
2025-03-26 00:00:00+05:30,278.25,279.75,266.55,268.75,527133
2025-03-27 00:00:00+05:30,267.5,276.05,264.1,269.75,857589
2025-03-28 00:00:00+05:30,270.05,277.65,266.55,269.35,713839
2025-04-01 00:00:00+05:30,269.35,278.85,267.15,276.25,271647
2025-04-02 00:00:00+05:30,278.4,280.55,269.55,279.5,272614
2025-04-03 00:00:00+05:30,279.5,284.95,276.8,283.6,290145
2025-04-04 00:00:00+05:30,283.6,283.65,269.7,272.7,359464
2025-04-07 00:00:00+05:30,248.0,268.9,245.5,266.4,531247
2025-04-08 00:00:00+05:30,272.0,275.35,267.5,271.7,300474
2025-04-09 00:00:00+05:30,271.7,271.7,265.0,266.95,216916
2025-04-11 00:00:00+05:30,275.7,277.9,270.5,275.5,277683
2025-04-15 00:00:00+05:30,280.0,283.45,278.05,282.2,299455
2025-04-16 00:00:00+05:30,283.9,287.2,281.6,283.25,254578
2025-04-17 00:00:00+05:30,283.0,293.75,280.85,288.85,511192
2025-04-21 00:00:00+05:30,293.75,293.75,284.4,290.75,389500
2025-04-22 00:00:00+05:30,294.0,302.0,288.75,294.05,728168
2025-04-23 00:00:00+05:30,298.0,298.6,287.5,291.95,348743
2025-04-24 00:00:00+05:30,291.95,298.75,291.0,294.6,276877
2025-04-25 00:00:00+05:30,294.6,295.9,282.25,288.0,378553
2025-04-28 00:00:00+05:30,284.1,291.5,282.6,289.95,276327
2025-04-29 00:00:00+05:30,291.45,294.0,285.55,287.35,554463
2025-04-30 00:00:00+05:30,287.35,289.55,281.5,283.35,263561
2025-05-02 00:00:00+05:30,283.35,286.5,279.55,281.95,211956
2025-05-05 00:00:00+05:30,285.0,285.0,280.1,281.75,184138
2025-05-06 00:00:00+05:30,281.75,283.6,276.0,277.5,352078
2025-05-07 00:00:00+05:30,279.0,279.9,271.25,276.95,251935
2025-05-08 00:00:00+05:30,278.4,280.95,268.3,271.45,323764
2025-05-09 00:00:00+05:30,265.0,277.9,263.1,276.3,553505
2025-05-12 00:00:00+05:30,280.0,290.6,280.0,288.25,472427
2025-05-13 00:00:00+05:30,290.0,294.05,286.0,289.95,277987
2025-05-14 00:00:00+05:30,292.9,295.2,290.25,293.3,292306
2025-05-15 00:00:00+05:30,295.2,298.5,292.75,295.2,299766
2025-05-16 00:00:00+05:30,298.0,308.5,295.3,305.4,758336
2025-05-19 00:00:00+05:30,307.95,323.2,304.0,313.55,799401
2025-05-20 00:00:00+05:30,315.45,317.8,305.75,306.55,386660
2025-05-21 00:00:00+05:30,308.0,311.9,304.0,307.8,246962
2025-05-22 00:00:00+05:30,307.8,309.8,303.6,305.75,218396
2025-05-23 00:00:00+05:30,304.9,304.9,299.05,302.75,195810
2025-05-26 00:00:00+05:30,302.4,305.15,299.85,301.05,175472
2025-05-27 00:00:00+05:30,299.25,300.3,295.05,298.8,209133
2025-05-28 00:00:00+05:30,299.5,301.65,295.95,297.65,159485
2025-05-29 00:00:00+05:30,297.65,298.9,296.0,296.85,134939
2025-05-30 00:00:00+05:30,297.9,299.9,293.3,294.1,166440
2025-06-02 00:00:00+05:30,295.95,299.2,291.65,295.15,218747
2025-06-03 00:00:00+05:30,296.05,298.55,292.0,292.6,153364
2025-06-04 00:00:00+05:30,292.6,295.95,289.05,294.7,175203
2025-06-05 00:00:00+05:30,294.7,305.35,292.2,294.25,490448
2025-06-06 00:00:00+05:30,294.0,295.8,289.6,290.15,434061
2025-06-09 00:00:00+05:30,291.7,303.0,290.4,296.15,598023
2025-06-10 00:00:00+05:30,301.2,306.4,296.0,297.0,608421
2025-06-11 00:00:00+05:30,300.0,335.9,299.0,320.8,11152113
2025-06-12 00:00:00+05:30,322.6,322.7,310.1,313.3,940607
2025-06-13 00:00:00+05:30,300.0,307.35,299.25,305.95,727209
2025-06-16 00:00:00+05:30,303.0,308.8,299.25,307.45,499590
2025-06-17 00:00:00+05:30,309.0,310.45,302.25,304.2,439296
2025-06-18 00:00:00+05:30,305.0,306.8,300.1,301.45,322752
2025-06-19 00:00:00+05:30,301.05,304.0,293.1,295.2,384050
2025-06-20 00:00:00+05:30,296.0,300.75,294.7,299.2,267140
2025-06-23 00:00:00+05:30,297.65,299.0,295.15,297.35,213699
2025-06-24 00:00:00+05:30,301.45,306.2,298.9,299.75,341969
2025-06-25 00:00:00+05:30,302.05,305.9,300.65,304.55,237957
2025-06-26 00:00:00+05:30,305.85,308.95,303.2,305.0,249655
2025-06-27 00:00:00+05:30,307.35,307.35,302.0,303.2,207579
2025-06-30 00:00:00+05:30,304.0,306.5,302.6,303.6,160527
2025-07-01 00:00:00+05:30,303.8,309.8,303.8,305.25,229648
2025-07-02 00:00:00+05:30,306.8,307.45,301.6,302.95,172962
2025-07-03 00:00:00+05:30,304.1,305.6,301.8,304.45,202874
2025-07-04 00:00:00+05:30,306.0,307.0,303.15,304.95,164200
2025-07-07 00:00:00+05:30,306.85,308.25,303.1,305.1,200477
2025-07-08 00:00:00+05:30,304.8,306.0,300.2,302.45,200604
2025-07-09 00:00:00+05:30,303.0,304.8,302.05,302.9,128475
2025-07-10 00:00:00+05:30,302.9,305.05,300.75,301.35,121753
2025-07-11 00:00:00+05:30,301.0,303.85,299.0,299.6,168820
2025-07-14 00:00:00+05:30,294.15,299.5,291.55,297.95,495877
2025-07-15 00:00:00+05:30,298.4,301.6,298.05,299.75,152394
2025-07-16 00:00:00+05:30,301.85,301.85,297.75,299.05,152945
2025-07-17 00:00:00+05:30,300.6,303.3,298.0,298.85,146529
2025-07-18 00:00:00+05:30,300.15,300.5,297.55,298.1,119744
2025-07-21 00:00:00+05:30,298.0,298.9,294.5,295.35,165077
2025-07-22 00:00:00+05:30,295.5,298.2,294.0,294.85,144007
2025-07-23 00:00:00+05:30,295.85,308.3,293.55,302.9,599947
2025-07-24 00:00:00+05:30,303.5,303.65,298.0,298.9,196500
2025-07-25 00:00:00+05:30,299.5,299.5,292.4,293.25,166199
2025-07-28 00:00:00+05:30,293.3,297.15,289.0,290.15,168516
2025-07-29 00:00:00+05:30,290.0,292.9,289.4,291.4,122610
2025-07-30 00:00:00+05:30,291.5,295.55,290.5,290.8,90225
2025-07-31 00:00:00+05:30,289.0,290.8,286.25,286.85,134574
2025-08-01 00:00:00+05:30,287.0,291.0,281.2,282.2,180183
2025-08-04 00:00:00+05:30,284.0,284.75,280.35,281.35,166702
2025-08-05 00:00:00+05:30,283.0,283.65,280.0,280.85,84430
2025-08-06 00:00:00+05:30,280.85,281.5,278.0,278.45,108348
2025-08-07 00:00:00+05:30,269.0,272.0,262.25,264.75,786120
2025-08-08 00:00:00+05:30,264.9,266.8,263.0,263.25,204009
2025-08-11 00:00:00+05:30,264.55,265.2,248.25,249.25,743774
2025-08-12 00:00:00+05:30,250.4,252.1,248.1,249.75,304803
2025-08-13 00:00:00+05:30,251.8,253.5,249.0,249.85,170100
2025-08-14 00:00:00+05:30,251.0,251.85,247.0,249.25,182555
2025-08-18 00:00:00+05:30,250.05,253.8,248.0,249.85,247260
2025-08-19 00:00:00+05:30,251.0,255.0,247.8,250.75,434919
2025-08-20 00:00:00+05:30,250.75,272.8,249.1,256.95,3974544
2025-08-21 00:00:00+05:30,260.0,274.0,257.5,259.35,5859018
2025-08-22 00:00:00+05:30,260.9,272.5,260.65,267.3,2668620
2025-08-25 00:00:00+05:30,268.8,270.3,257.25,258.35,917339
2025-08-26 00:00:00+05:30,258.0,259.5,249.9,250.35,679620
2025-08-28 00:00:00+05:30,250.55,252.0,246.05,247.75,429794
2025-08-29 00:00:00+05:30,249.1,252.75,245.9,249.45,338681
2025-09-01 00:00:00+05:30,249.7,251.6,247.0,247.98,446093
2025-09-02 00:00:00+05:30,249.7,254.96,248.73,250.5,558100
2025-09-03 00:00:00+05:30,251.0,256.4,250.0,254.9,457178
2025-09-04 00:00:00+05:30,257.0,257.0,249.43,250.43,254982
2025-09-05 00:00:00+05:30,252.48,254.0,249.41,251.4,232351
2025-09-08 00:00:00+05:30,252.79,263.99,251.41,261.72,938359
2025-09-09 00:00:00+05:30,261.99,288.7,261.56,277.75,14870842
2025-09-10 00:00:00+05:30,282.0,296.8,281.3,285.37,5344631
2025-09-11 00:00:00+05:30,285.79,292.7,280.61,287.67,1718414
2025-09-12 00:00:00+05:30,290.0,290.98,283.5,286.37,1053225
2025-09-15 00:00:00+05:30,284.55,288.99,281.0,282.87,589796
2025-09-16 00:00:00+05:30,283.58,286.55,281.1,282.36,378280
2025-09-17 00:00:00+05:30,283.8,287.0,280.0,281.87,502135
2025-09-18 00:00:00+05:30,282.09,288.0,281.87,286.34,638233
2025-09-19 00:00:00+05:30,287.8,290.0,281.55,284.8,521250
2025-09-22 00:00:00+05:30,285.6,292.74,283.2,284.13,661862
2025-09-23 00:00:00+05:30,284.0,285.5,280.0,281.44,536355
2025-09-24 00:00:00+05:30,281.35,284.19,275.8,276.78,307735
2025-09-25 00:00:00+05:30,277.0,277.41,269.0,269.36,370622
2025-09-26 00:00:00+05:30,268.7,271.89,263.01,264.67,363153
2025-09-29 00:00:00+05:30,267.79,267.79,255.51,258.72,727885
2025-09-30 00:00:00+05:30,259.98,262.81,257.45,260.38,322970
2025-10-01 00:00:00+05:30,260.45,264.75,259.2,264.1,265359
2025-10-03 00:00:00+05:30,264.0,265.6,261.8,263.85,236241
2025-10-06 00:00:00+05:30,263.85,264.7,260.4,260.9,226165
2025-10-07 00:00:00+05:30,261.15,266.65,260.5,264.1,396238
2025-10-08 00:00:00+05:30,264.0,264.0,258.05,258.7,227222
2025-10-09 00:00:00+05:30,259.0,260.55,257.25,258.85,249031
2025-10-10 00:00:00+05:30,258.95,264.3,257.25,257.95,402712
2025-10-13 00:00:00+05:30,257.5,258.6,253.2,253.85,334752
2025-10-14 00:00:00+05:30,254.3,255.45,247.6,249.95,496331
2025-10-15 00:00:00+05:30,249.95,250.6,247.7,248.35,405619
2025-10-16 00:00:00+05:30,248.5,251.2,246.95,249.0,437118
2025-10-17 00:00:00+05:30,249.0,257.0,248.5,249.0,701534
2025-10-20 00:00:00+05:30,251.05,251.4,248.0,251.0,252506
2025-10-21 00:00:00+05:30,251.8,254.85,251.8,254.05,129607
2025-10-23 00:00:00+05:30,256.0,259.35,254.05,255.75,600588
2025-10-24 00:00:00+05:30,255.0,255.05,252.05,254.55,193478
2025-10-27 00:00:00+05:30,254.55,255.0,250.05,250.75,227092
2025-10-28 00:00:00+05:30,250.0,250.45,247.5,248.0,336295
2025-10-29 00:00:00+05:30,248.6,250.15,245.9,247.05,530194
2025-10-30 00:00:00+05:30,247.05,254.95,247.05,253.0,549272
2025-10-31 00:00:00+05:30,253.15,257.55,251.1,251.95,471246
2025-11-03 00:00:00+05:30,251.9,256.5,250.5,255.2,268756
2025-11-04 00:00:00+05:30,257.5,261.85,252.2,253.75,530980
2025-11-06 00:00:00+05:30,254.3,254.3,248.9,249.4,208763
2025-11-07 00:00:00+05:30,247.0,250.5,247.0,249.55,216993
2025-11-10 00:00:00+05:30,249.65,253.8,249.0,251.85,233259
2025-11-11 00:00:00+05:30,242.0,250.65,242.0,249.25,651084
2025-11-12 00:00:00+05:30,248.4,251.4,247.05,247.9,216650
2025-11-13 00:00:00+05:30,249.0,252.6,246.95,247.5,274478
2025-11-14 00:00:00+05:30,247.5,249.15,246.95,247.75,132599
2025-11-17 00:00:00+05:30,247.9,249.3,246.4,247.05,132884
2025-11-18 00:00:00+05:30,247.0,248.5,246.15,246.8,134132
2025-11-19 00:00:00+05:30,245.0,247.9,245.0,245.2,139017
2025-11-20 00:00:00+05:30,244.0,251.7,242.0,242.6,564770
2025-11-21 00:00:00+05:30,242.0,243.6,238.6,241.2,320579
2025-11-24 00:00:00+05:30,240.05,240.75,235.5,236.2,257448
2025-11-25 00:00:00+05:30,236.7,236.95,232.2,232.8,223301
2025-11-26 00:00:00+05:30,232.25,238.15,232.05,236.55,197517
2025-11-27 00:00:00+05:30,236.95,239.45,236.55,238.5,147147
2025-11-28 00:00:00+05:30,238.4,238.7,233.2,233.9,205246
2025-12-01 00:00:00+05:30,233.7,237.43,232.0,232.16,228282
2025-12-02 00:00:00+05:30,232.49,232.99,228.0,228.64,317380
2025-12-03 00:00:00+05:30,228.5,228.5,223.2,224.03,231777
2025-12-04 00:00:00+05:30,223.2,226.79,221.6,224.28,246767
2025-12-05 00:00:00+05:30,224.15,224.34,221.68,222.12,128702
2025-12-08 00:00:00+05:30,221.75,221.76,216.6,218.13,292394
2025-12-09 00:00:00+05:30,216.1,222.6,213.1,219.06,334339
2025-12-10 00:00:00+05:30,219.4,222.45,214.13,215.05,364448
2025-12-11 00:00:00+05:30,215.7,217.5,213.0,216.22,230317
2025-12-12 00:00:00+05:30,216.5,216.66,213.6,215.64,275708
2025-12-15 00:00:00+05:30,215.64,216.69,213.2,213.59,219919
2025-12-16 00:00:00+05:30,213.6,215.52,212.25,213.53,222978
2025-12-17 00:00:00+05:30,214.0,214.2,210.8,211.4,239231
2025-12-18 00:00:00+05:30,211.4,211.45,206.98,210.23,263896
2025-12-19 00:00:00+05:30,210.25,215.0,208.54,212.4,278420
2025-12-22 00:00:00+05:30,213.76,221.98,213.0,217.58,423471
2025-12-23 00:00:00+05:30,219.05,220.08,215.11,216.04,328479
2025-12-24 00:00:00+05:30,216.65,236.57,216.54,224.33,4231292
2025-12-26 00:00:00+05:30,224.5,228.36,223.65,227.49,384074
2025-12-29 00:00:00+05:30,228.89,229.25,220.4,221.71,219441
2025-12-30 00:00:00+05:30,221.71,222.01,215.66,217.23,364935
2025-12-31 00:00:00+05:30,218.96,219.97,215.65,217.07,298523
2026-01-01 00:00:00+05:30,218.2,220.0,216.45,218.59,170861
2026-01-02 00:00:00+05:30,220.0,220.2,217.1,218.19,240783
2026-01-05 00:00:00+05:30,218.19,219.05,213.8,214.32,301675
2026-01-06 00:00:00+05:30,214.32,215.19,210.5,211.59,298760
2026-01-07 00:00:00+05:30,211.15,213.3,209.6,211.22,485331
2026-01-08 00:00:00+05:30,211.68,211.98,205.5,206.34,532466
2026-01-09 00:00:00+05:30,205.65,206.09,199.81,200.62,511119
2026-01-12 00:00:00+05:30,199.02,201.33,193.6,199.23,517905
2026-01-13 00:00:00+05:30,199.23,199.85,195.05,195.69,353356
2026-01-14 00:00:00+05:30,195.5,195.66,193.0,194.26,333704
2026-01-16 00:00:00+05:30,195.0,199.21,193.5,195.26,275169
2026-01-19 00:00:00+05:30,195.0,197.5,192.35,196.02,262266
2026-01-20 00:00:00+05:30,196.05,208.0,191.05,198.64,379260
2026-01-21 00:00:00+05:30,199.0,199.5,194.0,194.25,297948
2026-01-22 00:00:00+05:30,194.8,197.71,193.57,194.35,186451
2026-01-23 00:00:00+05:30,193.21,194.92,193.0,193.96,187821
2026-01-27 00:00:00+05:30,193.95,198.42,184.9,187.27,525710
2026-01-28 00:00:00+05:30,185.1,190.0,184.7,188.41,518322
2026-01-29 00:00:00+05:30,188.54,190.78,181.1,182.27,485241
2026-01-30 00:00:00+05:30,181.1,184.99,181.0,183.18,323509
2026-02-01 00:00:00+05:30,184.8,187.0,181.5,182.72,193930
2026-02-02 00:00:00+05:30,182.72,182.72,175.31,180.05,363403
2026-02-03 00:00:00+05:30,189.0,190.25,180.11,181.87,293129
2026-02-04 00:00:00+05:30,181.9,190.03,181.9,188.74,490998
2026-02-05 00:00:00+05:30,189.5,190.55,185.2,186.16,156460
2026-02-06 00:00:00+05:30,186.16,189.0,182.6,188.15,188936
2026-02-09 00:00:00+05:30,180.53,194.0,179.2,192.69,944400
2026-02-10 00:00:00+05:30,192.69,197.0,188.55,189.44,325955
2026-02-11 00:00:00+05:30,191.04,192.21,182.61,183.98,398909
2026-02-12 00:00:00+05:30,183.98,184.07,180.12,181.26,434178
2026-02-13 00:00:00+05:30,180.0,181.06,177.0,178.68,261898
2026-02-16 00:00:00+05:30,178.01,178.79,175.68,176.32,158062
2026-02-17 00:00:00+05:30,177.01,181.54,175.69,180.12,246462
2026-02-18 00:00:00+05:30,180.45,187.5,178.65,179.85,566816
2026-02-19 00:00:00+05:30,184.0,188.5,180.26,182.39,829242
2026-02-20 00:00:00+05:30,182.5,183.5,179.0,179.16,217125
2026-02-23 00:00:00+05:30,179.17,179.77,174.9,175.31,271867
2026-02-24 00:00:00+05:30,175.31,175.84,172.0,172.39,350017
2026-02-25 00:00:00+05:30,173.5,173.62,171.0,171.42,165744
2026-02-26 00:00:00+05:30,171.99,174.8,170.1,171.07,183593
2026-02-27 00:00:00+05:30,171.47,172.55,169.8,171.15,201020
2026-03-02 00:00:00+05:30,163.45,170.15,162.57,164.4,489601
2026-03-04 00:00:00+05:30,164.0,169.95,163.1,165.28,509598
2026-03-05 00:00:00+05:30,166.85,167.32,164.8,166.45,307524
2026-03-06 00:00:00+05:30,167.1,172.0,165.0,166.12,680314
2026-03-09 00:00:00+05:30,164.8,165.88,159.87,160.49,354342
2026-03-10 00:00:00+05:30,163.49,165.49,160.6,164.01,387090
2026-03-11 00:00:00+05:30,164.99,168.19,161.25,162.09,329184
2026-03-12 00:00:00+05:30,162.09,164.63,159.76,161.72,339979
2026-03-13 00:00:00+05:30,161.69,162.55,155.0,155.64,494088
2026-03-16 00:00:00+05:30,155.0,157.65,150.44,152.11,493098
2026-03-17 00:00:00+05:30,152.1,153.85,151.0,151.46,356450
2026-03-18 00:00:00+05:30,151.46,161.44,151.46,159.65,739941
2026-03-19 00:00:00+05:30,155.15,157.65,152.5,152.8,238172
2026-03-20 00:00:00+05:30,154.0,157.51,151.1,152.62,355923
2026-03-23 00:00:00+05:30,151.4,151.66,142.0,142.69,609157
2026-03-24 00:00:00+05:30,146.0,151.37,144.0,150.32,673814
2026-03-25 00:00:00+05:30,150.5,156.33,150.0,152.75,631400
2026-03-27 00:00:00+05:30,153.31,161.48,146.75,149.45,1771405
2026-03-30 00:00:00+05:30,148.0,149.42,138.6,139.34,941938
2026-04-01 00:00:00+05:30,148.8,156.99,142.73,155.39,813692
2026-04-02 00:00:00+05:30,153.0,157.69,149.1,156.49,416611
2026-04-06 00:00:00+05:30,156.49,158.6,153.08,158.11,287184
2026-04-07 00:00:00+05:30,158.0,159.28,156.03,156.59,189071
2026-04-08 00:00:00+05:30,160.55,165.74,159.24,164.21,351048
2026-04-09 00:00:00+05:30,163.1,166.0,157.8,158.49,444560
2026-04-10 00:00:00+05:30,159.76,164.6,159.28,162.69,375318
2026-04-13 00:00:00+05:30,160.0,163.4,156.51,162.57,336849
2026-04-15 00:00:00+05:30,164.0,173.0,164.0,171.42,571041
2026-04-16 00:00:00+05:30,174.45,175.44,170.63,174.64,433708
2026-04-17 00:00:00+05:30,175.05,179.8,173.25,175.15,547822
2026-04-20 00:00:00+05:30,175.5,178.99,172.51,173.53,397028
2026-04-21 00:00:00+05:30,174.88,176.85,173.55,175.78,165375
2026-04-22 00:00:00+05:30,176.0,178.75,175.78,178.01,334436
2026-04-23 00:00:00+05:30,178.11,179.32,174.93,175.44,229786
2026-04-24 00:00:00+05:30,176.9,177.69,170.1,171.8,203766
2026-04-27 00:00:00+05:30,173.15,178.49,172.32,177.46,240470
2026-04-28 00:00:00+05:30,179.6,183.95,177.19,178.14,424975
2026-04-29 00:00:00+05:30,178.14,180.35,174.1,175.7,220972
2026-04-30 00:00:00+05:30,175.8,176.64,172.53,174.1,194109
2026-05-04 00:00:00+05:30,174.72,175.5,171.43,172.35,342112
2026-05-05 00:00:00+05:30,173.15,174.5,168.1,170.62,375817
2026-05-06 00:00:00+05:30,173.5,175.61,171.11,173.67,468043
2026-05-07 00:00:00+05:30,172.0,178.55,168.9,176.28,867586
2026-05-08 00:00:00+05:30,179.7,183.49,176.86,179.22,784726
2026-05-11 00:00:00+05:30,180.16,180.4,172.02,172.47,411712
2026-05-12 00:00:00+05:30,173.33,174.0,165.0,165.62,336727
2026-05-13 00:00:00+05:30,165.64,167.75,163.71,164.76,304341
2026-05-14 00:00:00+05:30,166.0,167.0,161.23,162.97,284924
2026-05-15 00:00:00+05:30,164.5,164.5,160.0,160.23,243953
2026-05-18 00:00:00+05:30,160.3,160.54,155.55,157.02,265475
2026-05-19 00:00:00+05:30,159.01,163.69,158.4,160.4,242145
2026-05-20 00:00:00+05:30,160.4,160.49,157.85,159.89,201504
2026-05-21 00:00:00+05:30,161.0,162.0,159.5,159.98,307700
2026-05-22 00:00:00+05:30,160.21,160.93,157.91,159.79,176822
2026-05-25 00:00:00+05:30,162.5,162.5,159.03,159.9,220834
2026-05-26 00:00:00+05:30,160.0,161.0,159.5,159.75,231145
2026-05-27 00:00:00+05:30,159.75,160.09,158.64,159.73,129949
2026-05-29 00:00:00+05:30,159.73,160.49,155.6,157.1,250813
2026-06-01 00:00:00+05:30,157.99,158.99,155.0,155.86,135033
2026-06-02 00:00:00+05:30,155.89,161.39,154.14,158.31,265852
2026-06-03 00:00:00+05:30,159.0,159.0,153.54,156.04,186044
2026-06-04 00:00:00+05:30,154.76,156.49,154.75,155.46,182627
2026-06-05 00:00:00+05:30,157.49,157.5,155.06,155.93,230169
2026-06-08 00:00:00+05:30,153.54,155.9,153.5,154.27,209081
2026-06-09 00:00:00+05:30,154.27,156.25,154.0,155.49,153502
2026-06-10 00:00:00+05:30,156.26,157.49,154.0,154.09,173021
2026-06-11 00:00:00+05:30,153.1,153.45,151.0,151.16,137696
2026-06-12 00:00:00+05:30,154.8,158.7,152.79,157.15,334555
2026-06-15 00:00:00+05:30,157.15,161.36,154.51,156.01,621335
2026-06-16 00:00:00+05:30,155.61,158.49,155.55,157.52,230788
2026-06-17 00:00:00+05:30,157.52,159.27,156.21,157.37,303113
2026-06-18 00:00:00+05:30,157.3,164.56,157.16,159.37,620898
2026-06-19 00:00:00+05:30,159.65,159.65,156.5,156.87,229273
2026-06-22 00:00:00+05:30,156.89,158.98,156.21,158.4,262857
2026-06-23 00:00:00+05:30,158.85,158.85,154.36,154.78,223748
2026-06-24 00:00:00+05:30,154.2,155.59,153.8,154.72,165952
2026-06-25 00:00:00+05:30,155.49,155.51,153.55,154.34,148244
2026-06-29 00:00:00+05:30,154.34,154.34,152.61,153.15,108522
2026-06-30 00:00:00+05:30,154.26,154.48,152.78,153.26,133121
2026-07-01 00:00:00+05:30,153.26,155.4,153.01,153.79,174538
2026-07-02 00:00:00+05:30,154.99,155.19,153.0,154.79,297939
2026-07-03 00:00:00+05:30,154.8,156.2,154.0,154.86,205131
2026-07-06 00:00:00+05:30,155.0,155.99,153.4,153.68,126919
2026-07-07 00:00:00+05:30,154.36,154.36,151.0,151.11,223289
2026-07-08 00:00:00+05:30,151.87,152.94,148.01,148.27,245383
2026-07-09 00:00:00+05:30,148.49,150.15,148.49,149.65,119528
2026-07-10 00:00:00+05:30,149.98,150.48,149.0,149.96,250080
2026-07-13 00:00:00+05:30,150.87,153.3,149.24,150.98,252516
2026-07-14 00:00:00+05:30,150.98,152.7,148.1,148.63,188916
2026-07-15 00:00:00+05:30,148.79,149.89,148.0,148.69,100000
2026-07-16 00:00:00+05:30,149.0,150.85,148.81,149.37,108456
2026-07-17 00:00:00+05:30,150.0,150.6,148.4,149.62,122628
2026-07-20 00:00:00+05:30,149.62,151.49,148.12,150.01,176631
2026-07-21 00:00:00+05:30,150.0,151.14,149.51,150.02,104554
2026-07-22 00:00:00+05:30,150.02,150.02,147.9,148.55,223469
2026-07-23 00:00:00+05:30,148.55,149.75,147.61,149.34,105399
2026-07-24 00:00:00+05:30,149.3,151.44,147.81,149.79,325048
2026-07-27 00:00:00+05:30,151.84,151.84,149.32,150.85,193841
2026-07-28 00:00:00+05:30,150.51,161.3,150.01,157.76,670672
2026-07-29 00:00:00+05:30,158.0,173.0,157.76,167.33,4610818
2026-07-30 00:00:00+05:30,167.33,171.5,165.0,167.87,783392
2026-07-31 00:00:00+05:30,167.0,174.2,166.15,170.71,882536
2026-08-03 00:00:00+05:30,172.24,172.25,164.05,165.32,512289
2026-08-04 00:00:00+05:30,165.23,165.23,162.0,163.12,346655
2026-08-05 00:00:00+05:30,164.2,174.5,163.57,170.76,1357599
2026-08-06 00:00:00+05:30,172.0,174.3,166.0,167.54,589248
2026-08-07 00:00:00+05:30,159.95,162.7,155.1,158.55,787216
2026-08-10 00:00:00+05:30,158.3,158.78,153.43,153.78,496812
2026-08-11 00:00:00+05:30,153.0,154.68,151.62,152.3,224614
2026-08-12 00:00:00+05:30,152.31,153.62,150.25,151.0,370257
2026-08-13 00:00:00+05:30,151.75,154.78,149.1,150.12,429738
2026-08-14 00:00:00+05:30,150.35,151.55,149.0,149.93,216285
2026-08-17 00:00:00+05:30,149.93,150.95,148.1,149.13,320275
2026-08-18 00:00:00+05:30,149.15,152.49,145.95,146.85,566729
2026-08-19 00:00:00+05:30,147.53,147.99,145.2,145.43,247820
2026-08-20 00:00:00+05:30,146.34,146.49,144.0,145.21,228399
2026-08-21 00:00:00+05:30,146.41,146.41,143.84,144.55,251774
2026-08-24 00:00:00+05:30,144.56,146.48,144.0,144.53,228895
2026-08-25 00:00:00+05:30,145.53,147.51,143.5,146.79,277656
2026-08-26 00:00:00+05:30,146.99,149.06,146.56,148.02,386806
2026-08-27 00:00:00+05:30,148.55,149.8,146.5,146.92,145183
2026-08-28 00:00:00+05:30,147.21,149.02,146.54,147.58,172404
2026-08-31 00:00:00+05:30,147.01,150.5,146.1,147.2,250997
2026-09-01 00:00:00+05:30,147.84,150.0,145.52,148.65,164097
2026-09-02 00:00:00+05:30,148.4,149.0,145.71,148.36,207531
2026-09-03 00:00:00+05:30,149.5,149.5,147.0,147.56,134101
2026-09-04 00:00:00+05:30,147.56,150.0,147.5,149.0,170121
2026-09-07 00:00:00+05:30,149.85,149.85,146.2,147.09,139355
2026-09-08 00:00:00+05:30,146.51,147.99,145.25,146.5,152179
2026-09-09 00:00:00+05:30,144.1,144.1,138.4,139.35,1328109
2026-09-10 00:00:00+05:30,139.0,141.3,138.07,138.28,341494
2026-09-11 00:00:00+05:30,138.0,138.13,135.75,136.38,349596
2026-09-15 00:00:00+05:30,138.0,138.89,134.0,134.14,354017
2026-09-16 00:00:00+05:30,135.0,145.61,132.06,136.52,3167897
2026-09-17 00:00:00+05:30,136.52,137.57,135.0,135.9,211637
2026-09-18 00:00:00+05:30,135.9,136.99,134.1,134.49,213274
2026-09-21 00:00:00+05:30,132.6,135.59,132.6,134.46,193406
2026-09-22 00:00:00+05:30,134.9,136.89,134.46,135.48,259852
2026-09-23 00:00:00+05:30,135.48,138.38,135.48,137.76,171641
2026-09-24 00:00:00+05:30,137.73,137.73,135.0,135.78,147857
2026-09-25 00:00:00+05:30,135.78,136.35,132.0,135.13,286393
